{
    "mu": [
        0.0008997860530971459,
        0.00048031255222815144,
        -0.0026702570589396614,
        0.00011490019883617948,
        -0.0067722578709501855,
        -0.003387694966065574,
        -0.006203440378264109,
        -0.005970855696330369,
        -0.009121645304637285,
        -0.0035346909221779968,
        0.000619347729741717,
        -0.007142994782177591,
        -0.007280182242733718,
        -0.006862751263610075,
        -0.0066154431755286415,
        0.001426968671852744
    ],
    "sigma": [
        [
            0.00046808338742181294,
            0.0004250619915858257,
            0.0005567931957914983,
            0.0002943607391731801,
            0.0006169949687673984,
            0.00036664401363681694,
            0.0004849081773681162,
            0.0006638996990898889,
            0.000464716133282924,
            0.00039781122665927076,
            0.0004781175098166483,
            0.0008552432138275034,
            0.00035719433190536655,
            0.00039977855757612106,
            0.0006883845708207771,
            -0.000838292180600583
        ],
        [
            0.0004250619915858257,
            0.0005333189363894745,
            0.0006501373518632592,
            0.0003584661738474393,
            0.0006708153245122754,
            0.00042436836416754383,
            0.0005230988293105013,
            0.0007686947450079539,
            0.0004725240004914241,
            0.0004615021816735579,
            0.0007083923908430173,
            0.0008662956969376805,
            0.00039607470608332587,
            0.0003446704147349981,
            0.0007843405169980609,
            -0.0008973970626742998
        ],
        [
            0.0005567931957914983,
            0.0006501373518632592,
            0.001458618717349045,
            0.0005430347661421192,
            0.0011193965797102012,
            0.0006316075551317152,
            0.0009098757094116901,
            0.001219642686126124,
            0.0009082031538470253,
            0.0005546870686413176,
            0.0010791482965778758,
            0.0015149873965690668,
            0.0006196270587454469,
            0.000736789055035815,
            0.0011422765932168836,
            -0.0016215837823044664
        ],
        [
            0.0002943607391731801,
            0.0003584661738474393,
            0.0005430347661421192,
            0.0005922498424931435,
            0.0005795447994005348,
            0.00036748591838954776,
            0.00043304689403372257,
            0.0007149995397428116,
            0.0004854384627383479,
            0.00047510515472945605,
            0.000561536320731619,
            0.0008554838047118794,
            0.0003619773320816204,
            0.00034974505781110805,
            0.0008158043059684812,
            -0.0006740745068640883
        ],
        [
            0.0006169949687673984,
            0.0006708153245122754,
            0.0011193965797102012,
            0.0005795447994005348,
            0.001447516648024174,
            0.0008395330393745035,
            0.0010504473264465162,
            0.0015183293090613094,
            0.0010857117542448877,
            0.0008868452452520199,
            0.0011059531837847355,
            0.001658600448734515,
            0.0007782396287426322,
            0.0009131959239219976,
            0.0014556039171075518,
            -0.0011812386306243876
        ],
        [
            0.00036664401363681694,
            0.00042436836416754383,
            0.0006316075551317152,
            0.00036748591838954776,
            0.0008395330393745035,
            0.0009599348944838886,
            0.0006524497510885764,
            0.0009373491402853528,
            0.0006545070667165985,
            0.0004985535339755411,
            0.0008426841129375302,
            0.0008733001707840961,
            0.0005586391363618685,
            0.000591045013817668,
            0.000802297556956715,
            -0.0008144285322420982
        ],
        [
            0.0004849081773681162,
            0.0005230988293105013,
            0.0009098757094116901,
            0.00043304689403372257,
            0.0010504473264465162,
            0.0006524497510885764,
            0.0010543671961233951,
            0.001197224142880587,
            0.0008903941496003736,
            0.0007527670436504605,
            0.0009822015613859638,
            0.0013087484942816735,
            0.0006186724068342895,
            0.0006978291968008715,
            0.0012251499866979007,
            -0.001320430046324792
        ],
        [
            0.0006638996990898889,
            0.0007686947450079539,
            0.001219642686126124,
            0.0007149995397428116,
            0.0015183293090613094,
            0.0009373491402853528,
            0.001197224142880587,
            0.0020124312165352176,
            0.001295870976494488,
            0.0011275152444385201,
            0.0014113426993872644,
            0.0018490008058984389,
            0.001043504210310967,
            0.001033967639849461,
            0.0018638694210188465,
            -0.0015160547334660435
        ],
        [
            0.000464716133282924,
            0.0004725240004914241,
            0.0009082031538470253,
            0.0004854384627383479,
            0.0010857117542448877,
            0.0006545070667165985,
            0.0008903941496003736,
            0.001295870976494488,
            0.001173777474444229,
            0.0006011079388887387,
            0.0008907018349214317,
            0.0014394942411734106,
            0.0007442007404898796,
            0.0008711676171043072,
            0.001221654375031597,
            -0.0011775615408246734
        ],
        [
            0.00039781122665927076,
            0.0004615021816735579,
            0.0005546870686413176,
            0.00047510515472945605,
            0.0008868452452520199,
            0.0004985535339755411,
            0.0007527670436504605,
            0.0011275152444385201,
            0.0006011079388887387,
            0.003087586819793728,
            0.000913069382614093,
            0.0009783499403750691,
            0.0002622753501062767,
            0.0003203527803884659,
            0.0012629335338480818,
            -0.00027419482180161543
        ],
        [
            0.0004781175098166483,
            0.0007083923908430173,
            0.0010791482965778758,
            0.000561536320731619,
            0.0011059531837847355,
            0.0008426841129375302,
            0.0009822015613859638,
            0.0014113426993872644,
            0.0008907018349214317,
            0.000913069382614093,
            0.002032383176528977,
            0.0011902580271634566,
            0.0007495861171791423,
            0.0006171242470488915,
            0.0012357465094693793,
            -0.0015451732632284084
        ],
        [
            0.0008552432138275034,
            0.0008662956969376805,
            0.0015149873965690668,
            0.0008554838047118794,
            0.001658600448734515,
            0.0008733001707840961,
            0.0013087484942816735,
            0.0018490008058984389,
            0.0014394942411734106,
            0.0009783499403750691,
            0.0011902580271634566,
            0.004518434764118598,
            0.0010998295979069812,
            0.0011640029758603573,
            0.0020781472661920955,
            -0.0018146966243572326
        ],
        [
            0.00035719433190536655,
            0.00039607470608332587,
            0.0006196270587454469,
            0.0003619773320816204,
            0.0007782396287426322,
            0.0005586391363618685,
            0.0006186724068342895,
            0.001043504210310967,
            0.0007442007404898796,
            0.0002622753501062767,
            0.0007495861171791423,
            0.0010998295979069812,
            0.00122933618945379,
            0.0007329848268218047,
