{
    "mu": [
        0.0008997860530971459,
        0.00048031255222815144,
        -0.0026702570589396614,
        0.00011490019883617948,
        -0.0067722578709501855,
        -0.003387694966065574,
        -0.006203440378264109,
        -0.005970855696330369
    ],
    "sigma": [
        [
            0.00046808338742181294,
            0.0004250619915858257,
            0.0005567931957914983,
            0.0002943607391731801,
            0.0006169949687673984,
            0.00036664401363681694,
            0.0004849081773681162,
            0.0006638996990898889
        ],
        [
            0.0004250619915858257,
            0.0005333189363894745,
            0.0006501373518632592,
            0.0003584661738474393,
            0.0006708153245122754,
            0.00042436836416754383,
            0.0005230988293105013,
            0.0007686947450079539
        ],
        [
            0.0005567931957914983,
            0.0006501373518632592,
            0.001458618717349045,
            0.0005430347661421192,
            0.0011193965797102012,
            0.0006316075551317152,
            0.0009098757094116901,
            0.001219642686126124
        ],
        [
            0.0002943607391731801,
            0.0003584661738474393,
            0.0005430347661421192,
            0.0005922498424931435,
            0.0005795447994005348,
            0.00036748591838954776,
            0.00043304689403372257,
            0.0007149995397428116
        ],
        [
            0.0006169949687673984,
            0.0006708153245122754,
            0.0011193965797102012,
            0.0005795447994005348,
            0.001447516648024174,
            0.0008395330393745035,
            0.0010504473264465162,
            0.0015183293090613094
        ],
        [
            0.00036664401363681694,
            0.00042436836416754383,
            0.0006316075551317152,
            0.00036748591838954776,
            0.0008395330393745035,
            0.0009599348944838886,
            0.0006524497510885764,
            0.0009373491402853528
        ],
        [
            0.0004849081773681162,
            0.0005230988293105013,
            0.0009098757094116901,
            0.00043304689403372257,
            0.0010504473264465162,
            0.0006524497510885764,
            0.0010543671961233951,
            0.001197224142880587
        ],
        [
            0.0006638996990898889,
            0.0007686947450079539,
            0.001219642686126124,
            0.0007149995397428116,
            0.0015183293090613094,
            0.0009373491402853528,
            0.001197224142880587,
            0.0020124312165352176
        ]
    ],
    "assets": [
        {
            "Asset": "BTCUSDT",
            "Open": 30447.31
        },
        {
            "Asset": "ETHUSDT",
            "Open": 1851.99
        },
        {
            "Asset": "SOLUSDT",
            "Open": 18.0
        },
        {
            "Asset": "XRPUSDT",
            "Open": 0.4747
        },
        {
            "Asset": "1INCHUSDT",
            "Open": 0.3084
        },
        {
            "Asset": "ALCXUSDT",
            "Open": 14.07
        },
        {
            "Asset": "ALGOUSDT",
            "Open": 0.1201
        },
        {
            "Asset": "ALICEUSDT",
            "Open": 0.971
        }
    ]
}